ts_s,utime_cs,stime_cs,minflt,majflt,rchar,read_bytes,VmRSS_kB
0.0,0,0,194,6,413508,557056,18560
1.1,92,5,10861,14,12000612,1048576,68160
2.1,97,9,19294,14,12000612,1048576,417776
3.1,99,11,24577,14,12000612,1048576,614096
4.2,99,14,29915,14,12000612,1048576,832464
5.2,100,17,35261,14,12000612,1048576,1047104
6.2,100,21,40537,14,12000612,1048576,1245232
7.2,100,24,45883,14,12000612,1048576,1377264
8.2,100,28,51247,14,12000612,1048576,1522512
9.3,100,31,56584,14,12000612,1048576,1630096
10.3,101,34,61974,14,12000612,1048576,1856336
11.3,101,37,67288,14,12000612,1048576,1906928
12.3,101,41,72601,14,12000612,1048576,1968272
13.3,101,45,77894,14,12000612,1048576,2087504
14.4,101,48,83250,14,12000612,1048576,1990528
15.4,101,53,88370,14,12000612,1048576,2185360
16.4,101,57,93690,14,12000612,1048576,2242416
17.4,101,61,98930,14,12000612,1048576,2322608
18.4,101,64,104221,14,12000612,1048576,2167840
19.5,101,67,109541,14,12000612,1048576,2116272
20.5,101,70,114821,14,12000612,1048576,2074480
21.5,101,74,120101,14,12000612,1048576,2117968
22.5,101,78,125381,14,12000612,1048576,2182912
23.5,101,82,130701,14,12000612,1048576,2225840
24.6,101,86,135861,14,12000612,1048576,2281680
25.6,101,90,141121,14,12000612,1048576,2271440
26.6,101,93,146447,14,12000612,1048576,2362688
27.6,101,97,151688,14,12000612,1048576,2302064
28.7,101,101,156976,14,12000612,1048576,2281040
29.7,101,104,162256,14,12000612,1048576,2385520
30.7,101,108,167536,14,12000612,1048576,2414096
31.7,101,112,172817,14,12000612,1052672,2316624
32.7,101,115,178137,14,12000612,1052672,2361728
33.7,101,119,183417,14,12000612,1052672,2513408
34.8,101,123,188617,14,12000612,1052672,2689184
35.8,101,127,193937,14,12000612,1052672,2393040
36.8,101,130,199177,14,12000612,1052672,2283376
37.8,102,132,204497,14,12000612,1052672,2345936
38.9,102,135,209777,14,12000612,1052672,2512752
39.9,103,139,215057,14,12000612,1052672,2628448
40.9,103,143,220377,14,12000612,1052672,2512208
41.9,104,146,225657,14,12000612,1052672,2303200
43.0,104,149,230977,14,12000612,1052672,2302688
44.0,105,152,236257,14,12000612,1052672,2247088
45.0,105,156,241537,14,12000612,1052672,2383088
46.0,105,159,246817,14,12000612,1052672,2430368
47.0,105,163,252097,14,12000612,1052672,2532384
48.1,105,166,257377,14,12000612,1052672,2418400
49.1,105,170,262698,14,12000612,1052672,2270240
50.1,106,173,267978,14,12000612,1052672,2247376
51.1,106,176,273258,14,12000612,1052672,2279872
52.1,106,179,278578,14,12000612,1052672,2321072
53.2,106,183,283858,14,12000612,1052672,2492752
54.2,107,186,289138,14,12000612,1052672,2639984
55.2,107,189,294428,15,12000612,1069056,2521776
56.2,107,193,299778,15,12000612,1069056,2508608
57.2,107,197,304858,15,12000612,1069056,2449248
58.3,107,201,310178,15,12000612,1069056,2437312
59.3,107,205,315458,15,12000612,1069056,2497504
60.3,107,209,320738,15,12000612,1069056,2550368
61.3,107,213,326018,15,12000612,1069056,2576496
62.3,107,216,331298,15,12000612,1073152,2658768
63.4,107,220,336578,15,12000612,1073152,2617008
64.4,107,223,341898,15,12000612,1073152,2669152
65.4,107,227,347148,15,12000612,1073152,2497104
66.4,107,230,352458,15,12000612,1073152,2234144
67.4,107,233,357738,15,12000612,1073152,2255680
68.5,107,237,363058,15,12000612,1073152,2338304
69.5,107,240,368338,15,12000612,1073152,2458720
70.5,107,244,373618,15,12000612,1073152,2678448
71.5,107,249,378898,15,12000612,1073152,2543472
72.5,108,253,384058,15,12000612,1073152,2525872
73.6,108,257,389378,15,12000612,1073152,2619904
74.6,108,260,394618,15,12000612,1073152,2534000
75.6,108,264,399938,15,12000612,1073152,2376112
76.6,108,267,405218,15,12000612,1073152,2344544
77.7,108,271,410538,15,12000612,1073152,2393168
78.7,108,274,415818,15,12000612,1073152,2588160
79.7,108,277,421098,15,12000612,1073152,2503648
80.7,108,281,426383,15,12000612,1073152,2534208
81.7,108,284,431693,15,12000612,1073152,2514016
82.8,108,288,436938,15,12000612,1073152,2423248
83.8,108,291,442258,15,12000612,1073152,2303904
84.8,108,294,447578,15,12000612,1073152,2438864
85.8,108,298,452858,15,12000612,1073152,2598800
86.8,109,301,458138,15,12000612,1073152,2794752
87.9,109,305,463378,15,12000612,1073152,2749936
88.9,110,308,468658,15,12000612,1073152,2578672
89.9,110,311,473978,15,12000612,1073152,2544192
90.9,110,315,479258,15,12000612,1073152,2713408
91.9,110,318,484538,15,12000612,1073152,2832480
93.0,110,322,489698,15,12000612,1073152,2581936
94.0,110,326,494978,15,12000612,1073152,2385728
95.0,110,329,500258,15,12000612,1073152,2361264
96.0,110,333,505578,15,12000612,1073152,2412240
97.0,111,336,510858,15,12000612,1073152,2558288
98.1,111,339,516138,15,12000612,1073152,2569232
99.1,111,342,521418,15,12000612,1073152,2575776
100.1,112,345,526698,15,12000612,1073152,2548096
101.1,112,349,531978,15,12000612,1073152,2645008
102.1,113,352,537298,15,12000612,1073152,2607200
103.2,113,355,542578,15,12000612,1073152,2520400
104.2,113,359,547898,15,12000612,1073152,2530288
105.2,113,363,553138,15,12000612,1073152,2782016
106.3,113,367,558458,15,12000612,1073152,2618560
107.3,113,371,563738,15,12000612,1073152,2399024
108.3,113,374,569069,15,12000612,1073152,2295424
109.3,114,377,574349,15,12000612,1073152,2234480
110.4,114,381,579629,15,12000612,1073152,2229296
111.4,114,384,584949,15,12000612,1073152,2445056
112.4,114,387,590189,15,12000612,1073152,2550432
113.4,114,392,595469,15,12000612,1073152,2546864
114.4,115,395,600750,15,12000612,1073152,2365136
115.5,115,398,606070,15,12000612,1073152,2197328
116.5,116,401,611350,15,12000612,1073152,2380928
117.5,116,404,616630,15,12000612,1073152,2527296
118.5,116,408,621712,15,12000612,1073152,2642016
119.5,116,412,627032,15,12000612,1073152,2509104
120.6,117,416,632312,15,12000612,1073152,2461680
121.6,117,420,637592,15,12000612,1073152,2463520
122.6,117,424,642902,15,12000612,1073152,2460880
123.7,117,428,648192,15,12000612,1073152,2627744
124.7,118,432,653432,15,12000612,1073152,2525936
125.7,119,435,658712,15,12000612,1073152,2335392
126.7,119,439,663992,15,12000612,1073152,2435472
127.7,119,443,669272,15,12000612,1073152,2516816
128.8,119,447,674512,15,12000612,1073152,2545824
129.8,119,451,679792,15,12000612,1073152,2550064
130.8,119,455,685072,15,12000612,1073152,2579120
131.8,119,459,690352,15,12000612,1073152,2506128
132.9,119,464,695552,15,12000612,1073152,2442112
133.9,119,467,700832,15,12000612,1073152,2357584
134.9,119,471,706112,15,12000612,1073152,2508176
135.9,119,475,711392,15,12000612,1073152,2557536
136.9,119,479,716632,15,12000612,1073152,2511536
138.0,120,482,721952,15,12000612,1073152,2498864
139.0,120,485,727232,15,12000612,1073152,2396080
140.0,121,488,732512,15,12000612,1073152,2459344
141.0,121,492,737792,15,12000612,1073152,2414480
142.0,122,494,743072,15,12000612,1073152,2461648
143.1,122,498,748352,15,12000612,1073152,2443408
144.1,122,502,753673,15,12000612,1073152,2608240
145.1,122,505,758953,15,12000612,1073152,2472048
146.1,122,509,764273,15,12000612,1073152,2478720
147.2,122,512,769513,15,12000612,1073152,2440192
148.2,122,516,774793,15,12000612,1073152,2485440
149.2,123,520,780073,15,12000612,1073152,2361600
150.2,123,523,785353,15,12000612,1073152,2307696
151.2,123,526,790673,15,12000612,1073152,2375552
152.3,123,531,795873,15,12000612,1073152,2461776
153.3,123,535,801173,15,12000612,1073152,2514864
154.3,123,538,806393,15,12000612,1073152,2449392
155.3,123,542,811673,15,12000612,1073152,2518288
156.3,123,546,816793,15,12000612,1073152,2452064
157.4,123,549,822073,15,12000612,1073152,2357264
158.4,124,552,827393,15,12000612,1073152,2277760
159.4,124,554,832673,15,12000612,1073152,2368064
160.4,124,557,837988,15,12000612,1073152,2633264
161.4,125,561,843233,15,12000612,1073152,2583824
162.5,125,564,848513,15,12000612,1073152,2407248
163.5,125,568,853793,15,12000612,1073152,2219056
164.5,125,572,859073,15,12000612,1073152,2279440
165.5,125,576,864353,15,12000612,1073152,2489936
166.5,125,580,869633,15,12000612,1073152,2670576
167.6,125,584,874953,15,12000612,1073152,2514208
168.6,125,587,880233,15,12000612,1073152,2513984
169.6,125,590,885593,15,12000612,1073152,2545456
170.6,125,593,890873,15,12000612,1073152,2708576
171.7,126,597,896153,15,12000612,1073152,2571696
172.7,126,600,901473,15,12000612,1073152,2294656
173.7,126,603,906753,15,12000612,1073152,2072768
174.7,126,606,912073,15,12000612,1073152,2143344
175.7,126,609,917353,15,12000612,1073152,2413680
176.8,126,613,922628,15,12000612,1073152,2579968
177.8,126,617,927873,15,12000612,1073152,2647008
178.8,126,621,933153,15,12000612,1073152,2410912
179.8,136,630,943984,1152,12000612,21389312,2257520
180.8,144,632,946600,1904,12000612,21389312,2107200
181.9,147,640,949328,2740,12000612,21389312,2041984
182.9,155,646,952284,3609,12000612,21389312,2002592
183.9,163,653,955346,4526,12000612,21389312,1995472
184.9,179,654,958317,5379,12000612,21389312,1994960
185.9,192,658,961333,6224,12000612,21389312,1988400
187.0,212,659,964314,7106,12000612,21389312,1867376
188.0,223,663,967062,7953,12000612,21389312,1866672
189.0,235,669,970079,8826,12000612,21389312,1860096
190.0,249,670,972666,9632,12000612,21389312,1854976
191.0,263,671,975741,10519,12000612,21389312,1851072
192.1,276,674,978789,11386,12000612,21389312,1849392
193.1,287,680,981812,12269,12000612,21389312,1842512
194.1,295,687,984657,13098,12000612,21389312,1846832
195.1,311,687,987818,14013,12000612,21389312,1854528
196.2,324,689,990985,14901,12000612,21389312,1855152
197.2,340,689,994538,15914,12000612,21389312,1863632
198.2,352,691,997728,16838,12000612,21389312,1863840
199.2,368,695,1000606,17702,12000612,21389312,1850688
200.2,380,702,1003427,18516,12000612,21389312,1853760
201.3,392,706,1006359,19332,12000612,21389312,1844144
202.3,399,708,1008580,19991,12000612,21389312,1839104
203.3,411,710,1011388,20740,12000612,21389312,1810672
204.3,422,714,1014502,21574,12000612,21389312,1810256
205.3,432,717,1018047,22765,12000612,21389312,1872464
206.4,448,724,1021336,23779,12000616,21504000,1893072
207.4,458,727,1023731,24551,12000616,21504000,1884960
208.4,471,730,1026734,25399,12000616,21504000,1856304
209.4,482,734,1030113,26351,12000616,21504000,1852304
210.5,497,736,1033142,27271,12000616,21520384,1866416
211.5,512,737,1035597,28060,12000616,21684224,1847408
212.5,524,741,1038763,28940,12000616,21684224,1848816
213.5,537,743,1041554,29839,12000616,21684224,1851504
214.5,544,748,1044611,30711,12000616,21684224,1849024
215.5,553,752,1047446,31584,12000616,21684224,1841056
216.6,560,757,1050074,32425,12000616,21684224,1842816
217.6,573,760,1053009,33309,12000616,21684224,1846464
218.6,586,767,1055821,34184,12000616,21684224,1849600
219.6,597,772,1058839,35097,12000616,21684224,1843568
220.6,607,777,1061661,35943,12000616,21684224,1850448
221.7,615,783,1064579,36826,12000616,21684224,1843280
222.7,626,786,1067455,37689,12000616,21684224,1847376
223.7,638,789,1070557,38623,12000616,21684224,1856432
224.7,644,794,1073541,39499,12000616,21684224,1854336
225.7,655,799,1076505,40377,12000616,21684224,1853120
226.7,668,802,1079364,41217,12000616,21684224,1849808
227.8,678,809,1082386,42106,12000616,21684224,1842960
228.8,688,812,1084366,42768,12000616,21684224,1834672
229.8,705,815,1087185,43470,12000616,21684224,1816384
230.8,712,820,1089440,44125,12000616,21684224,1792224
231.8,723,825,1093334,45304,12000616,21684224,1852832
232.9,735,832,1096159,46555,12001519,29630464,1889856
233.9,739,833,1098359,47291,12001519,29630464,1887952
234.9,752,833,1101211,48131,12001519,29630464,1853424
235.9,760,836,1103976,48875,12001519,29630464,1834592
237.0,772,837,1106133,49682,12001519,29630464,1847088
238.0,781,842,1108835,50407,12001519,29630464,1844896
239.0,788,843,1111333,51134,12001519,29630464,1822528
240.0,798,846,1113928,51930,12001519,29630464,1816736
241.0,807,849,1116075,52556,12001519,29630464,1813680
242.1,815,854,1118935,53333,12001519,29630464,1810928
243.1,819,855,1121353,54117,12001519,29630464,1814896
244.1,829,858,1123757,54843,12001519,29630464,1805200
245.1,838,860,1126415,55617,12001519,29630464,1798896
246.1,841,863,1128680,56329,12001519,29630464,1796256
247.1,852,865,1131124,57089,12001519,29630464,1802016
248.2,861,869,1133875,57873,12001519,29630464,1812880
249.2,869,873,1136535,58650,12001519,29630464,1799616
250.2,882,874,1139251,59417,12001519,29630464,1804688
251.2,892,878,1142036,60208,12001519,29630464,1802512
252.2,895,881,1144516,61014,12001519,29630464,1800848
253.2,907,882,1147017,61773,12001519,29630464,1801808
254.3,918,885,1149505,62508,12001519,29630464,1804704
255.3,935,885,1152339,63296,12001519,29630464,1803264
256.3,942,889,1154886,63994,12001519,29630464,1808432
257.3,948,891,1157211,64750,12001519,29630464,1799840
258.3,961,891,1159785,65523,12001519,29630464,1807984
259.4,968,894,1162706,66327,12001519,29630464,1806144
260.4,972,895,1164874,67091,12001519,29630464,1801664
261.4,985,896,1167669,67910,12001519,29630464,1812480
262.4,997,901,1170423,68628,12001519,29630464,1808464
263.4,1004,905,1172974,69343,12001519,29630464,1805200
264.4,1014,908,1175445,70105,12001519,29696000,1806656
265.5,1021,912,1178164,70902,12001519,29696000,1811824
266.5,1032,914,1181043,71636,12001519,29696000,1807712
267.5,1045,915,1183983,72443,12001519,29712384,1816240
268.5,1056,918,1187011,73235,12001519,29712384,1810192
269.5,1059,920,1189669,73985,12001519,29712384,1804272
270.6,1067,925,1192036,74699,12001519,29712384,1811856
271.6,1074,929,1194821,75445,12001519,29712384,1812592
272.6,1083,933,1197448,76151,12001519,29712384,1808448
273.6,1088,934,1199896,76866,12001519,29712384,1798256
274.6,1101,937,1202106,77616,12001519,29712384,1808208
275.7,1111,939,1204799,78377,12001519,29712384,1802848
276.7,1116,941,1207091,79134,12001519,29712384,1801408
277.7,1126,947,1209575,79898,12001519,29712384,1807280
278.7,1142,949,1212270,80642,12001519,29728768,1809408
279.8,1151,953,1215144,81460,12001519,29728768,1809184
280.8,1160,954,1217947,82352,12001519,29728768,1807040
281.8,1166,955,1220316,83077,12001519,29728768,1805648
282.8,1179,955,1222760,83804,12001519,29728768,1802000
283.9,1190,957,1225435,84620,12001519,29728768,1809840
284.9,1205,959,1228236,85450,12001519,29745152,1792656
285.9,1209,965,1230770,86180,12001519,29745152,1794448
287.0,1216,966,1233253,86934,12001519,29761536,1792784
288.0,1229,966,1235817,87689,12001519,29761536,1794208
289.0,1238,969,1238676,88470,12001519,29761536,1793312
290.0,1242,972,1241124,89155,12001519,29761536,1794240
291.0,1255,974,1243320,89855,12001519,29761536,1795328
292.0,1268,976,1246008,90574,12001519,29761536,1793840
293.1,1272,979,1247914,91186,12001519,29761536,1785504
294.1,1284,982,1250328,91861,12001519,29761536,1781296
295.1,1290,984,1252868,92506,12001519,29761536,1776848
296.1,1300,987,1255145,93304,12001519,29761536,1781136
297.1,1311,991,1257743,93976,12001519,29761536,1779760
298.1,1321,995,1260633,94647,12001519,29761536,1781168
299.2,1334,1001,1268100,95362,12001519,30007296,1850752
300.2,1345,1006,1270627,96096,12001519,30056448,1799632
301.2,1357,1008,1272956,96806,12001519,30056448,1729424
302.2,1367,1010,1275856,97581,12001519,30056448,1718128
303.2,1379,1011,1278762,98378,12001519,30056448,1720592
304.3,1385,1016,1281228,99085,12001519,30056448,1714512
305.3,1400,1018,1284398,99929,12001519,30056448,1723648
306.3,1408,1022,1287313,100660,12001519,30056448,1723744
307.3,1420,1024,1290536,101526,12001519,30056448,1726336
308.4,1430,1028,1293392,102358,12001519,30056448,1719904
309.4,1441,1031,1296447,103185,12001519,30056448,1715104
310.4,1449,1035,1298921,103940,12001519,30056448,1720400
311.4,1465,1037,1302098,104805,12001519,30056448,1722848
312.4,1472,1042,1304625,105561,12001519,30056448,1719008
313.5,1483,1047,1307782,106395,12001519,30056448,1718320
314.5,1497,1047,1310708,107117,12001519,30056448,1717456
315.5,1505,1053,1313916,107895,12001519,30056448,1723728
316.5,1516,1053,1316526,108669,12001519,30056448,1724496
317.5,1531,1053,1319628,109434,12001519,30056448,1692128
318.5,1543,1054,1322700,110248,12001519,30056448,1707360
319.6,1552,1056,1325425,111001,12001519,30056448,1706832
320.6,1560,1059,1328031,111708,12001519,30056448,1705520
321.6,1568,1062,1330502,112512,12001519,30056448,1723280
322.6,1579,1063,1333069,113273,12001519,30056448,1730832
323.6,1590,1066,1336058,114101,12001519,30056448,1736960
324.6,1595,1070,1338498,114889,12001519,30056448,1731392
325.7,1605,1071,1341308,115678,12001519,30056448,1729232
326.7,1617,1075,1344247,116523,12001519,30056448,1724432
327.7,1622,1079,1346835,117279,12001519,30056448,1718112
328.7,1636,1084,1349725,118074,12001519,30056448,1719152
329.7,1647,1086,1352154,118774,12001519,30056448,1714320
330.8,1665,1090,1355144,119520,12001519,30056448,1712592
331.8,1676,1090,1357558,120181,12001519,30056448,1686816
332.8,1685,1092,1359984,120839,12001519,30056448,1674976
333.8,1693,1094,1362872,121587,12001519,30056448,1678160
334.8,1703,1102,1366773,123023,12001519,30961664,1791696
335.8,1714,1106,1369176,123975,12001519,30961664,1796720
336.9,1729,1108,1371557,124888,12001519,30961664,1769120
337.9,1740,1113,1374136,125849,12001519,30961664,1761504
338.9,1752,1116,1376502,126762,12001519,30961664,1772944
339.9,1764,1120,1378930,127731,12001519,30961664,1773216
340.9,1773,1125,1381295,128653,12001519,30961664,1766080
342.0,1787,1127,1383888,129635,12001519,30961664,1764800
343.0,1801,1133,1386268,130558,12001519,30961664,1769072
344.0,1814,1137,1388643,131451,12001519,30961664,1768832
345.0,1830,1139,1391185,132406,12001519,30961664,1770720
346.0,1840,1144,1393813,133415,12001519,30961664,1771760
347.0,1853,1147,1396205,134380,12001519,30961664,1774896
348.1,1867,1151,1398659,135343,12001519,30961664,1778000
349.1,1882,1154,1400900,136160,12001519,30961664,1765104
350.1,1896,1155,1403034,136933,12001519,30961664,1753904
351.1,1907,1157,1404956,137632,12001519,30961664,1740096
352.1,1918,1160,1408029,138729,12001519,30961664,1760496
353.2,1928,1169,1411223,139932,12001519,30994432,1822624
354.2,1937,1171,1413277,140676,12001519,30994432,1783088
355.2,1948,1177,1415731,141642,12001519,30994432,1763728
356.2,1961,1183,1418203,142596,12001519,30994432,1770208
357.2,1971,1189,1420678,143530,12001519,30994432,1770496
358.3,1983,1192,1423224,144508,12001519,30994432,1769344
359.3,1998,1197,1425578,145405,12001519,30994432,1761152
360.3,2008,1203,1427897,146236,12001519,30994432,1764288
361.3,2022,1206,1430439,147221,12001519,30994432,1766512
362.3,2035,1209,1432753,148122,12001519,30994432,1754352
363.4,2047,1212,1435242,149074,12001519,30994432,1743952
364.4,2059,1215,1437592,149983,12001519,30994432,1747104
365.4,2072,1216,1439919,150911,12001519,30994432,1742848
366.4,2082,1220,1442399,151882,12001519,30994432,1753152
367.4,2098,1222,1444780,152755,12001519,30994432,1754240
368.4,2109,1227,1446672,153442,12001519,30994432,1739056
369.5,2119,1230,1448613,154148,12001519,30994432,1717312
370.5,2129,1234,1452022,155386,12001519,30994432,1770624
371.5,2138,1243,1454818,156465,12001519,31014912,1781152
372.5,2150,1247,1457251,157398,12001519,31014912,1769232
373.5,2166,1249,1459779,158350,12001519,31014912,1758576
374.5,2183,1252,1462197,159271,12001519,31014912,1766128
375.6,2197,1254,1464818,160282,12001519,31014912,1772416
376.6,2207,1257,1467337,161265,12001519,31014912,1773600
377.6,2222,1260,1469852,162274,12001519,31014912,1767552
378.6,2232,1264,1472278,163162,12001519,31014912,1766080
379.6,2251,1266,1474895,164068,12001519,31014912,1769424
380.6,2271,1267,1477389,164988,12001519,31014912,1775840
381.7,2282,1273,1479797,165917,12001519,31014912,1775616
382.7,2300,1276,1482030,166795,12001519,31014912,1764192
383.7,2311,1280,1484506,167744,12001519,31014912,1762720
384.7,2324,1282,1486821,168621,12001519,31014912,1760752
385.8,2332,1287,1488912,169369,12001519,31014912,1743184
386.8,2341,1289,1490787,170091,12001519,31014912,1737536
387.8,2355,1290,1493100,170897,12001519,31014912,1743616
388.8,2366,1303,1496859,172269,12001519,31047680,1810240
389.8,2379,1306,1499309,173195,12001519,31047680,1785152
390.9,2393,1306,1501644,174066,12001519,31047680,1760800
391.9,2406,1309,1504254,175067,12001519,31047680,1766896
392.9,2419,1312,1506904,175970,12001519,31047680,1767616
393.9,2433,1313,1509443,176842,12001519,31047680,1771184
394.9,2451,1314,1512129,177762,12001519,31260672,1778080
395.9,2465,1318,1514647,178666,12001519,31768576,1779728
397.0,2482,1319,1517558,179674,12001519,32129024,1778048
398.0,2498,1322,1520255,180606,12001519,32489472,1777360
399.0,2508,1325,1522837,181537,12001519,32849920,1774288
400.0,2524,1328,1525258,182469,12001519,33112064,1769920
401.0,2542,1331,1527623,183427,12001519,33390592,1767696
402.1,2560,1334,1530084,184387,12001519,33800192,1763984
403.1,2573,1338,1532314,185199,12001519,34078720,1756496
404.1,2583,1340,1534257,185911,12001519,34258944,1746320
405.1,2594,1343,1536152,186626,12001519,34258944,1731776
406.1,2604,1346,1538883,187642,12001519,34258944,1769200
407.1,2610,1356,1542130,188873,12001519,34639872,1805040
408.1,2625,1357,1544543,189807,12001519,34852864,1780816
409.2,2642,1360,1546956,190775,12001519,35360768,1767168
410.2,2660,1362,1549378,191714,12001519,35966976,1761280
411.2,2671,1365,1551982,192642,12001519,36425728,1770000
412.2,2684,1368,1554623,193545,12001519,36769792,1772464
413.2,2695,1370,1556903,194318,12001519,36933632,1768544
414.3,2705,1373,1559406,195202,12001519,36966400,1768096
415.3,2724,1377,1562148,196128,12001519,37048320,1777056
416.3,2741,1382,1564953,197091,12001519,37081088,1777248
417.3,2753,1385,1567296,197909,12001519,37261312,1766480
418.3,2765,1390,1569850,198896,12001519,37523456,1771472
419.3,2783,1390,1572454,199918,12001519,37670912,1777600
420.4,2794,1393,1574797,200832,12001519,37752832,1773472
421.4,2806,1395,1577067,201659,12001519,37851136,1760672
422.4,2822,1396,1579240,202470,12001519,38309888,1760064
423.4,2835,1399,1581113,203237,12001519,39391232,1741584
424.4,2846,1402,1584227,204338,12001519,39440384,1786656
425.5,2856,1411,1587434,205562,12001519,39866368,1825520
426.5,2866,1415,1589978,206515,12001519,39964672,1788608
427.5,2874,1418,1592331,207414,12001519,40161280,1774352
428.5,2887,1421,1594715,208294,12001519,40161280,1765712
429.5,2903,1423,1597249,209160,12001519,40210432,1768704
430.5,2921,1426,1599916,210033,12001519,40210432,1782208
431.6,2939,1430,1602261,210816,12001519,40259584,1779952
432.6,2951,1435,1605007,211759,12001519,40275968,1788128
433.6,2963,1437,1607390,212595,12001519,40341504,1772752
434.6,2979,1438,1609943,213454,12001519,40341504,1770384
435.7,2992,1440,1612252,214290,12001519,40390656,1764672
436.7,3003,1445,1614798,215231,12001519,40390656,1767792
437.7,3018,1449,1617164,216156,12001519,40390656,1767680
438.7,3033,1452,1619506,217070,12001519,40390656,1765856
439.7,3047,1456,1621809,217924,12001519,40390656,1766800
440.8,3055,1459,1623869,218658,12001519,40390656,1754704
441.8,3068,1461,1625824,219376,12001519,40390656,1741856
442.8,3078,1465,1628541,220371,12001519,40390656,1770752
443.8,3091,1476,1632004,221649,12001519,40427520,1800832
444.8,3106,1481,1634363,222532,12001519,40427520,1774560
445.9,3123,1484,1636564,223340,12001519,40427520,1756912
446.9,3136,1488,1639016,224232,12001519,40427520,1760064
448.0,3149,1492,1641503,225123,12001519,40427520,1759728
449.0,3166,1495,1644219,226020,12001519,40427520,1765872
450.0,3180,1498,1646779,226881,12001519,40427520,1765152
451.0,3195,1502,1649258,227756,12001519,40427520,1766448
452.1,3213,1506,1651875,228670,12001519,40427520,1774528
453.1,3235,1510,1654782,229700,12001519,40427520,1781440
454.1,3251,1512,1657525,230640,12001519,40427520,1773792
455.1,3264,1515,1660051,231596,12001519,40427520,1773184
456.1,3277,1519,1662515,232549,12001519,40427520,1767664
457.2,3288,1521,1664994,233506,12001519,40427520,1764880
458.2,3306,1523,1667465,234400,12001519,40427520,1762592
459.2,3322,1524,1669294,235081,12001519,40427520,1746048
460.2,3336,1529,1671052,235686,12001519,40427520,1738768
461.2,3349,1531,1673934,236715,12001519,40427520,1781840
462.3,3356,1542,1677040,237874,12001519,40460288,1779424
463.3,3365,1549,1679377,238798,12001519,40460288,1761648
464.3,3381,1554,1681713,239623,12001519,40460288,1754048
465.3,3396,1557,1684215,240567,12001519,40460288,1753728
466.3,3412,1561,1686899,241451,12001519,40460288,1761312
467.4,3425,1564,1689592,242346,12001519,40460288,1768400
468.4,3439,1568,1692270,243239,12001519,40460288,1767680
469.4,3451,1569,1694721,244072,12001519,40460288,1761600
470.4,3465,1571,1697342,244977,12001519,40460288,1762464
471.4,3479,1573,1700119,245943,12001519,40460288,1754832
472.5,3495,1577,1702607,246817,12001519,40460288,1765040
473.5,3507,1583,1705031,247745,12001519,40460288,1758384
474.5,3521,1586,1707346,248665,12001519,40460288,1759920
475.5,3540,1590,1709567,249510,12001519,40460288,1750768
476.5,3557,1595,1711915,250366,12001519,40460288,1747584
477.6,3571,1598,1713934,251113,12001519,40460288,1749968
478.6,3586,1599,1715778,251809,12001519,40460288,1745936
479.6,3596,1602,1718357,252755,12001519,40460288,1762944
480.6,3606,1612,1721608,253951,12001519,40493056,1778176
481.7,3615,1616,1723999,254856,12001519,40493056,1765264
482.7,3629,1619,1726455,255780,12001519,40493056,1758656
483.7,3643,1623,1728849,256680,12001519,40493056,1766992
484.7,3660,1626,1731235,257485,12001519,40493056,1756992
485.8,3671,1631,1734016,258398,12001519,40493056,1763568
486.8,3683,1635,1736701,259300,12001519,40493056,1763968
487.8,3697,1637,1739200,260175,12001519,40493056,1768656
488.8,3710,1638,1741949,261119,12001519,40493056,1765328
489.8,3729,1640,1744938,262180,12001519,40493056,1772064
490.9,3749,1643,1747425,263062,12001519,40493056,1761920
491.9,3761,1648,1749901,264007,12001519,40493056,1758000
492.9,3775,1650,1752407,264968,12001519,40493056,1764432
493.9,3787,1654,1754836,265890,12001519,40493056,1758880
495.0,3800,1656,1757188,266739,12001519,40493056,1752320
496.0,3811,1658,1759005,267412,12001519,40493056,1739040
497.0,3826,1661,1761127,268134,12001519,40493056,1733696
498.0,3840,1666,1764371,269289,12001519,40493056,1782784
499.0,3849,1675,1767341,270412,12001519,40493056,1777408
500.1,3861,1680,1769845,271338,12001519,40493056,1752928
501.1,3873,1682,1772172,272218,12001519,40493056,1746512
502.1,3886,1686,1774730,273136,12001519,40493056,1752016
503.1,3897,1689,1777175,273962,12001519,40493056,1766672
504.1,3914,1692,1779806,274835,12001519,40493056,1752160
505.2,3929,1695,1782492,275708,12001519,40493056,1766736
506.2,3946,1695,1784952,276583,12001519,40493056,1766592
507.2,3961,1697,1787572,277510,12001519,40493056,1773424
508.2,3976,1701,1790397,278451,12001519,40493056,1766352
509.2,3990,1706,1792821,279322,12001519,40493056,1764432
510.3,4004,1711,1795216,280236,12001519,40493056,1762592
511.3,4018,1715,1797733,281202,12001519,40493056,1758528
512.3,4034,1716,1800131,282134,12001519,40493056,1760336
513.3,4049,1718,1802556,283026,12001519,40493056,1757344
514.3,4058,1721,1804303,283686,12001519,40493056,1750960
515.3,4070,1725,1806447,284440,12001519,40493056,1742976
516.4,4078,1731,1809800,285651,12001519,40493056,1780576
517.4,4093,1739,1812711,286742,12001519,40525824,1776320
518.4,4108,1742,1815091,287658,12001519,40525824,1762448
519.4,4128,1744,1817463,288560,12001519,40525824,1762496
520.4,4145,1747,1819959,289490,12001519,40525824,1762864
521.5,4155,1751,1822625,290345,12001519,40525824,1766000
522.5,4165,1754,1825241,291233,12001519,40525824,1764512
523.5,4179,1756,1827923,292159,12001519,40525824,1773648
524.5,4187,1762,1830162,292943,12001519,40525824,1770576
525.5,4201,1767,1832953,293929,12001519,40525824,1772336
526.6,4229,1770,1835410,294953,12001519,40525824,1766448
527.6,4241,1774,1837922,295905,12001519,40525824,1747152
528.6,4254,1776,1840343,296837,12001519,40525824,1718864
529.6,4268,1777,1842870,297830,12001519,40525824,1715600
530.6,4282,1779,1845206,298713,12001519,40525824,1730016
531.7,4290,1780,1847045,299407,12001519,40525824,1705888
532.7,4302,1784,1848895,300095,12001519,40525824,1677792
533.7,4319,1788,1851477,301050,12001519,40525824,1697712
534.7,4330,1799,1854964,302356,12001519,40591360,1781872
535.7,4344,1802,1857428,303291,12001519,40591360,1753280
536.8,4356,1803,1860028,304232,12001519,40591360,1730064
537.8,4370,1806,1862572,305195,12001519,40591360,1735840
538.8,4383,1808,1865004,306103,12001519,40591360,1735232
539.8,4396,1810,1867110,306937,12001519,40591360,1727568
540.8,4407,1817,1869362,307827,12001519,40591360,1729648
541.8,4424,1821,1871670,308740,12001519,40591360,1730096
542.9,4437,1822,1874056,309662,12001519,40591360,1728128
543.9,4449,1824,1876448,310589,12001519,40591360,1742976
544.9,4461,1828,1878825,311492,12001519,40591360,1742224
545.9,4474,1831,1881187,312385,12001519,40591360,1727152
546.9,4488,1835,1883726,313372,12001519,40591360,1732528
547.9,4504,1839,1886153,314277,12001519,40591360,1727296
549.0,4517,1841,1888420,315037,12001519,40591360,1724512
550.0,4528,1843,1890550,315777,12001519,40591360,1716224
551.0,4539,1847,1892392,316460,12001519,40591360,1691008
552.1,4552,1852,1894467,317167,12001519,40591360,1690672
553.1,4562,1857,1898129,318501,12001519,40591360,1775472
554.1,4580,1866,1900366,319382,12001519,40628224,1740192
555.2,4592,1868,1902897,320322,12001519,40628224,1720960
556.2,4606,1870,1905326,321272,12001519,40628224,1726432
557.2,4616,1874,1907751,322199,12001519,40628224,1736400
558.2,4628,1877,1910168,323151,12001519,40628224,1736016
559.2,4637,1879,1912327,323970,12001519,40628224,1726816
560.2,4654,1881,1914582,324827,12001519,40628224,1720880
561.3,4671,1884,1917153,325771,12001519,40628224,1723520
562.3,4685,1887,1919630,326698,12001519,40628224,1729200
563.3,4695,1891,1921913,327571,12001519,40628224,1724736
564.3,4704,1893,1924184,328445,12001519,40628224,1715232
565.3,4717,1895,1926765,329431,12001519,40628224,1717504
566.4,4728,1897,1929216,330389,12001519,40628224,1716912
567.4,4743,1898,1931824,331311,12001519,40628224,1721920
568.4,4754,1902,1934025,332078,12001519,40628224,1716016
569.4,4760,1906,1935822,332748,12001519,40628224,1689760
570.4,4770,1909,1937697,333438,12001519,40628224,1683808
571.4,4777,1915,1941322,334743,12001519,40628224,1778944
572.5,4792,1921,1943925,335761,12001519,40660992,1753136
573.5,4807,1925,1946446,336685,12001519,40660992,1724352
574.5,4825,1928,1948770,337580,12001519,40660992,1729248
575.5,4840,1930,1951035,338450,12001519,40660992,1732544
576.6,4852,1931,1953273,339290,12001519,40660992,1724992
577.6,4864,1935,1955664,340221,12001519,40660992,1737616
578.6,4877,1938,1958005,341114,12001519,40660992,1746624
579.6,4896,1938,1960633,342008,12001519,40660992,1743648
580.6,4912,1939,1963194,342934,12001519,40660992,1747584
581.7,4925,1945,1965603,343840,12001519,40660992,1737104
582.7,4936,1950,1968103,344777,12001519,40660992,1728496
583.7,4952,1951,1970538,345730,12001519,40660992,1724576
584.7,4965,1952,1973177,346725,12001519,40660992,1726560
585.7,4977,1956,1975694,347640,12001519,40660992,1732208
586.7,4987,1959,1977765,348379,12001519,40660992,1719776
587.8,4999,1962,1979664,349088,12001519,40660992,1697856
588.8,5012,1963,1982048,349930,12001519,40660992,1704752
589.8,5019,1974,1985764,351286,12001519,40697856,1771808
590.8,5032,1977,1988164,352181,12001519,40697856,1730224
591.8,5044,1979,1990626,353115,12001519,40697856,1717472
592.8,5057,1982,1993008,354020,12001519,40697856,1715232
593.9,5072,1983,1995434,354943,12001519,40697856,1712176
594.9,5084,1986,1997768,355860,12001519,40697856,1733328
595.9,5093,1990,2000262,356804,12001519,40697856,1741008
596.9,5103,1994,2002879,357738,12001519,40697856,1740048
597.9,5115,1999,2005491,358627,12001519,40697856,1745248
599.0,5131,2004,2007952,359576,12001519,40697856,1741984
600.0,5145,2005,2010246,360425,12001519,40697856,1722112
601.0,5159,2007,2012748,361387,12001519,40697856,1725920
602.0,5170,2010,2015385,362377,12001519,40697856,1730080
603.0,5186,2010,2017956,363308,12001519,40697856,1729648
604.0,5196,2013,2020184,364101,12001519,40697856,1712864
605.1,5210,2018,2022634,364911,12001519,40697856,1716432
606.1,5221,2022,2024521,365652,12001519,40697856,1706736
607.1,5233,2023,2027423,366672,12001519,40697856,1735952
608.1,5241,2033,2030639,367861,12001519,40697856,1749872
609.1,5254,2037,2033008,368771,12001519,40697856,1723856
610.2,5268,2040,2035448,369696,12001519,40697856,1716896
611.2,5280,2045,2037780,370599,12001519,40697856,1730368
612.2,5293,2049,2039731,371350,12001519,40697856,1704208
613.2,5308,2055,2041997,372156,12001519,40697856,1713344
614.3,5324,2060,2044273,372973,12001519,40697856,1702656
615.3,5342,2065,2046497,373780,12001519,40697856,1573040
616.3,5356,2069,2049214,374722,12001519,40697856,1582368
617.3,5374,2073,2051731,375607,12001519,40697856,1550544
618.3,5386,2076,2054179,376534,12001519,40697856,1504512
619.4,5399,2077,2056404,377328,12001519,40697856,1415472
620.9,5419,2081,2059898,378687,12001519,40697856,1436352
621.9,5430,2084,2062317,379569,12001519,40697856,1435440
622.9,5444,2086,2064552,380326,12001519,40697856,1422224
623.9,5459,2090,2066680,381083,12001519,40697856,1421056
625.0,5469,2092,2068564,381804,12001519,40697856,1397168
626.0,5473,2101,2071238,382748,12001519,40697856,1415184
627.0,5479,2105,2073796,383685,12001519,41242624,1435648
628.0,5479,2106,2073796,383685,12001519,41242624,1304080
629.0,5483,2109,2074664,384021,12001519,41242624,1316896
630.0,5499,2112,2077012,384937,12001519,41242624,1400944
631.1,5516,2115,2079509,385884,12001519,41242624,1431984
632.1,5527,2117,2081899,386809,12001519,41242624,1406448
633.1,5539,2119,2084254,387735,12001519,41242624,1435120
634.1,5552,2120,2086565,388656,12001519,41242624,1434256
635.1,5561,2128,2088809,389495,12001519,41242624,1433584
636.2,5575,2132,2091303,390369,12001519,41242624,1441056
637.2,5589,2136,2093908,391282,12001519,41242624,1451424
638.2,5603,2137,2096466,392259,12001519,41242624,1451008
639.3,5615,2140,2098838,393154,12001519,41242624,1437568
640.3,5624,2144,2101339,394112,12001519,41242624,1436176
641.3,5636,2148,2103867,395087,12001519,41242624,1425728
642.3,5654,2149,2106282,395962,12001519,41242624,1430912
643.3,5671,2154,2108737,396836,12001519,41242624,1422064
644.3,5681,2156,2110559,397521,12001519,41242624,1407488
645.4,5694,2160,2112567,398219,12001519,41242624,1406704
646.4,5708,2163,2115627,399320,12001519,41242624,1459408
647.4,5712,2169,2117352,399962,12001519,41275392,1391040
648.4,5712,2170,2117352,399962,12001519,41275392,1321968
649.5,5718,2175,2118896,400562,12001519,41275392,1373952
650.5,5734,2176,2121559,401523,12001519,41275392,1401488
651.5,5747,2180,2123914,402408,12001519,41275392,1401472
652.5,5760,2184,2126447,403351,12001519,41275392,1409968
653.5,5774,2187,2128842,404257,12001519,41275392,1443968
654.5,5788,2192,2131058,405105,12001519,41275392,1421936
655.6,5800,2194,2133203,405905,12001519,41275392,1436960
656.6,5818,2199,2135872,406864,12001519,41275392,1442192
657.6,5833,2204,2138372,407757,12001519,41275392,1436832
658.6,5851,2205,2140546,408573,12001519,41275392,1431056
659.6,5862,2208,2142943,409463,12001519,41275392,1422976
660.7,5876,2209,2145463,410428,12001519,41275392,1394640
661.7,5887,2213,2147994,411423,12001519,41275392,1407568
662.7,5900,2213,2150180,412252,12001519,41275392,1422512
663.7,5912,2216,2152287,413086,12001519,41275392,1420704
664.7,5924,2218,2154235,413838,12001519,41275392,1396336
665.8,5942,2220,2156208,414591,12001519,41275392,1405488
666.8,5949,2225,2159223,415687,12001519,41275392,1433952
667.8,5951,2230,2160464,416156,12001519,41279488,1381936
668.8,5951,2231,2160464,416156,12001519,41279488,1254096
669.8,5964,2233,2162815,417086,12001519,41279488,1333664
670.8,5980,2235,2165274,417969,12001519,41279488,1389872
671.9,5998,2237,2167753,418931,12001519,41279488,1406368
672.9,6017,2240,2170100,419810,12001519,41279488,1410112
673.9,6031,2247,2172493,420720,12001519,41279488,1419888
674.9,6039,2252,2174820,421617,12001519,41279488,1421008
675.9,6050,2255,2177189,422535,12001519,41279488,1422592
677.0,6061,2260,2179391,423333,12001519,41279488,1421536
678.0,6075,2263,2182019,424344,12001519,41279488,1432560
679.0,6087,2268,2184211,425171,12001519,41279488,1424544
680.0,6102,2272,2186510,426008,12001519,41279488,1403232
681.0,6120,2277,2188941,426872,12001519,41279488,1398384
682.1,6138,2279,2191239,427743,12001519,41279488,1393552
683.1,6152,2281,2193506,428611,12001519,41279488,1361824
684.1,6165,2284,2195593,429363,12001519,41279488,1346368
685.1,6182,2287,2197604,430130,12001519,41279488,1342224
686.1,6192,2290,2199544,430884,12001519,41279488,1334304
687.1,6200,2294,2203062,432137,12001519,41279488,1414032
688.2,6201,2296,2203754,432385,12001519,41316352,1302032
689.2,6202,2297,2203754,432385,12001519,41316352,1206640
690.2,6217,2301,2206029,433256,12001519,41316352,1283616
691.2,6234,2303,2208608,434208,12001519,41316352,1334048
692.2,6252,2307,2211059,435147,12001519,41316352,1357744
693.3,6271,2309,2213420,436049,12001519,41316352,1387392
694.3,6283,2310,2215602,436912,12001519,41316352,1390672
695.3,6295,2315,2218031,437835,12001519,41316352,1406208
696.3,6310,2317,2220333,438759,12001519,41316352,1401776
697.3,6325,2321,2222472,439589,12001519,41316352,1413488
698.4,6336,2325,2224947,440540,12001519,41316352,1409616
699.4,6349,2328,2227448,441478,12001519,41316352,1404288
700.4,6358,2331,2229930,442434,12001519,41316352,1403632
701.4,6369,2335,2232251,443353,12001519,41316352,1387360
702.4,6380,2340,2234724,444284,12001519,41316352,1380880
703.4,6393,2346,2237104,445158,12001519,41316352,1394864
704.5,6406,2349,2239373,445989,12001519,41316352,1390720
705.5,6416,2350,2241217,446694,12001519,41316352,1368560
706.5,6429,2351,2243283,447413,12001519,41316352,1354128
707.5,6435,2356,2247086,448721,12001519,41316352,1428624
708.5,6435,2359,2247849,448974,12001519,41349120,1331184
709.5,6435,2361,2247849,448974,12001519,41349120,1210784
710.6,6454,2363,2249950,449780,12001519,41349120,1299808
711.6,6466,2365,2252228,450638,12001519,41349120,1352336
712.6,6478,2366,2254611,451525,12001519,41349120,1360080
713.6,6487,2370,2257026,452433,12001519,41349120,1383376
714.6,6500,2371,2259473,453372,12001519,41349120,1400144
715.7,6513,2373,2261786,454266,12001519,41349120,1405504
716.7,6525,2376,2264198,455167,12001519,41349120,1407632
717.7,6542,2379,2266617,456098,12001519,41349120,1402160
718.7,6557,2382,2268959,457006,12001519,41349120,1417392
719.7,6571,2384,2271354,457921,12001519,41349120,1413328
720.7,6583,2390,2273766,458849,12001519,41349120,1399168
721.8,6600,2393,2276110,459756,12001519,41349120,1396208
722.8,6620,2396,2278403,460618,12001519,41349120,1393360
723.8,6637,2399,2280826,461460,12001519,41349120,1395104
724.8,6651,2401,2282994,462265,12001519,41349120,1385232
725.9,6662,2403,2284760,462942,12001519,41349120,1367776
726.9,6676,2405,2286553,463589,12001519,41349120,1357360
727.9,6686,2407,2289469,464615,12001519,41349120,1386576
728.9,6692,2409,2292070,465484,12001519,41353216,1394656
729.9,6692,2411,2292070,465484,12001519,41353216,1239536
730.9,6697,2413,2293090,465883,12001519,41353216,1232704
732.0,6710,2414,2295470,466773,12001519,41353216,1296112
733.0,6724,2414,2297953,467723,12001519,41353216,1331776
734.0,6738,2417,2300404,468655,12001519,41353216,1360000
735.0,6749,2421,2302800,469573,12001519,41353216,1384560
736.0,6762,2423,2305070,470460,12001519,41353216,1387312
737.8,6786,2425,2309080,472018,12001519,41353216,1406032
738.8,6796,2430,2311561,472940,12001519,41353216,1410336
739.8,6809,2432,2314153,473902,12001519,41353216,1411152
740.8,6820,2434,2316589,474827,12001519,41353216,1412608
741.9,6835,2437,2319061,475701,12001519,41353216,1410928
742.9,6854,2440,2321564,476670,12001519,41353216,1405280
743.9,6869,2444,2324082,477636,12001519,41353216,1409440
744.9,6885,2448,2326319,478500,12001519,41353216,1409744
745.9,6901,2450,2328329,479227,12001519,41353216,1405968
747.0,6917,2451,2330237,479964,12001519,41353216,1384960
748.0,6925,2455,2332653,480825,12001519,41353216,1384848
749.0,6931,2460,2336203,482030,12001519,41390080,1452672
750.0,6932,2460,2336203,482030,12001519,41390080,1287936
751.0,6935,2462,2336626,482202,12001519,41390080,1206880
752.0,6948,2464,2339182,483137,12001519,41390080,1300592
753.1,6961,2469,2341446,483989,12001519,41390080,1348576
754.1,6976,2473,2343977,484938,12001519,41390080,1375712
755.1,6983,2478,2346146,485783,12001519,41390080,1398128
756.1,6994,2481,2348388,486708,12001519,41390080,1412448
757.1,7008,2483,2350834,487648,12001519,41390080,1418720
758.1,7020,2486,2353188,488510,12001519,41390080,1428864
759.2,7033,2491,2355638,489452,12001519,41390080,1432144
760.2,7052,2492,2357995,490387,12001519,41390080,1437856
761.2,7066,2495,2360385,491322,12001519,41390080,1419264
762.2,7083,2497,2362772,492233,12001519,41390080,1410384
763.2,7097,2501,2365101,493166,12001519,41390080,1409616
764.2,7115,2504,2367400,494060,12001519,41390080,1400960
765.3,7129,2506,2369722,494934,12001519,41390080,1406656
766.3,7135,2510,2371559,495642,12001519,41390080,1388784
767.3,7145,2513,2373380,496352,12001519,41390080,1365280
768.3,7156,2516,2375700,497176,12001519,41390080,1376000
769.3,7161,2522,2379637,498509,12001519,41390080,1448304
770.4,7162,2523,2379921,498609,12001519,41439232,1314592
771.4,7163,2524,2379921,498609,12001519,41439232,1189056
772.4,7177,2529,2382173,499512,12001519,41439232,1278176
773.4,7189,2534,2384568,500387,12001519,41439232,1349840
774.4,7201,2535,2386982,501290,12001519,41439232,1374112
775.4,7212,2540,2389453,502204,12001519,41439232,1414416
776.5,7225,2541,2391955,503177,12001519,41439232,1438752
777.5,7234,2545,2394129,504003,12001519,41439232,1437008
778.5,7247,2548,2396477,504908,12001519,41439232,1430784
779.5,7259,2553,2398708,505776,12001519,41439232,1434992
780.5,7271,2559,2401102,506687,12001519,41439232,1423680
781.6,7285,2561,2403583,507633,12001519,41439232,1433072
782.6,7294,2566,2405943,508538,12001519,41439232,1424464
783.6,7307,2567,2408358,509484,12001519,41439232,1417584
784.6,7318,2571,2410799,510418,12001519,41439232,1418112
785.6,7328,2575,2413089,511295,12001519,41439232,1422784
786.6,7338,2579,2415010,512013,12001519,41439232,1407664
787.7,7357,2580,2416933,512683,12001519,41439232,1408848
788.7,7368,2584,2418844,513427,12001519,41439232,1396272
789.7,7374,2589,2422145,514563,12001519,41439232,1436288
790.7,7376,2592,2423767,515107,12001519,41476096,1374256
791.8,7377,2594,2423767,515107,12001519,41476096,1279968
792.8,7389,2596,2425609,515804,12001519,41476096,1320016
793.8,7405,2599,2427885,516676,12001519,41476096,1347904
794.8,7416,2601,2430346,517612,12001519,41476096,1375696
795.8,7430,2603,2432838,518556,12001519,41476096,1416144
796.8,7439,2605,2435266,519498,12001519,41476096,1428592
797.9,7449,2608,2437755,520408,12001519,41476096,1435792
798.9,7464,2610,2440258,521315,12001519,41476096,1432992
799.9,7483,2613,2442877,522246,12001519,41476096,1437104
800.9,7494,2615,2445394,523246,12001519,41492480,1440496
801.9,7506,2617,2447740,524167,12001519,42016768,1444000
802.9,7520,2618,2450199,525104,12001519,42082304,1442176
804.0,7531,2622,2452761,526135,12001519,42131456,1444688
805.0,7544,2624,2455232,527055,12001519,42147840,1439504
806.0,7561,2626,2457458,527889,12001519,42180608,1432480
807.0,7571,2628,2459478,528660,12001519,42344448,1427472
808.0,7581,2631,2461365,529495,12001519,44326912,1414240
809.0,7593,2632,2463510,530356,12001519,45441024,1408704
810.1,7601,2635,2467416,531691,12001519,45490176,1463104
811.1,7602,2638,2467785,531841,12001519,45981696,1370096
812.1,7603,2639,2467905,531882,12001519,45981696,1293376
813.1,7618,2642,2470384,532819,12001519,45981696,1324560
814.1,7631,2644,2472881,533755,12001519,46030848,1357840
815.2,7648,2646,2475234,534621,12001519,46030848,1397680
816.2,7658,2650,2477548,535540,12001519,46080000,1424656
817.2,7670,2654,2479779,536429,12001519,46129152,1441792
818.2,7684,2657,2482260,537290,12001519,46129152,1444544
819.2,7695,2658,2484932,538251,12001519,46178304,1446784
820.2,7707,2662,2487529,539208,12001519,46178304,1444160
821.2,7722,2663,2489983,540146,12001519,46227456,1450880
822.3,7733,2666,2492340,541062,12001519,46227456,1441904
823.3,7746,2669,2494794,541992,12001519,46227456,1438096
824.3,7766,2671,2497147,542935,12001519,46227456,1433760
825.3,7784,2671,2499473,543850,12001519,46227456,1429328
826.3,7796,2675,2501732,544707,12001519,46227456,1429776
827.4,7804,2679,2503762,545458,12001519,46227456,1421552
828.4,7817,2682,2505849,546242,12001519,46227456,1420304
829.4,7827,2684,2508158,547080,12001519,46227456,1430064
830.4,7836,2688,2511664,548246,12001519,46231552,1458416
831.5,7836,2690,2511664,548246,12001519,46231552,1345936
832.5,7839,2692,2512143,548455,12001519,46231552,1301824
833.5,7856,2695,2514555,549377,12001519,46231552,1331808
834.5,7873,2697,2516957,550304,12001519,46231552,1366944
835.5,7892,2699,2519383,551235,12001519,46231552,1411552
836.6,7909,2701,2521542,552050,12001519,46231552,1429024
837.6,7924,2703,2523716,552934,12001519,46231552,1447200
838.6,7941,2704,2526588,553910,12001519,46231552,1463760
839.6,7957,2706,2529426,554909,12001519,46231552,1468592
840.6,7969,2707,2531929,555851,12001519,46231552,1464496
841.7,7982,2708,2534367,556772,12001519,46231552,1474288
842.7,7995,2711,2536838,557721,12001519,46231552,1475360
843.7,8014,2714,2539289,558663,12001519,46231552,1423584
844.7,8026,2718,2541818,559617,12001519,46231552,1375824
845.7,8038,2722,2544080,560438,12001519,46231552,1351216
846.8,8051,2723,2546389,561320,12001519,46231552,1337968
847.8,8060,2726,2548336,562078,12001519,46231552,1334672
848.8,8073,2728,2550339,562774,12001519,46231552,1314352
849.8,8080,2736,2553244,563814,12001519,46231552,1368176
850.8,8084,2740,2555138,564512,12001519,46280704,1318864
851.9,8084,2741,2555138,564512,12001519,46280704,1202912
852.9,8092,2743,2556690,565115,12001519,46280704,1254656
853.9,8104,2745,2559228,565974,12001519,46280704,1298192
854.9,8119,2747,2561679,566836,12001519,46280704,1322448
855.9,8136,2748,2564117,567677,12001519,46280704,1329040
856.9,8145,2752,2566645,568561,12001519,46280704,1349520
858.0,8159,2754,2569049,569468,12001519,46280704,1351952
859.0,8172,2755,2571327,570367,12001519,46280704,1348848
860.0,8185,2758,2573790,571294,12001519,46280704,1399264
861.0,8197,2762,2576213,572205,12001519,46280704,1423504
862.1,8214,2766,2578640,573145,12001519,46280704,1431376
863.1,8226,2771,2581352,574132,12001519,46280704,1418096
864.1,8243,2772,2583941,575052,12001519,46280704,1417808
865.1,8256,2774,2586470,575972,12001519,46280704,1411904
866.1,8267,2776,2588896,576793,12001519,46280704,1409952
867.1,8279,2778,2591182,577632,12001519,46280704,1414432
868.2,8293,2781,2593213,578322,12001519,46280704,1408864
869.2,8303,2784,2595388,579097,12001519,46280704,1403584
870.2,8311,2788,2598566,580230,12001519,46280704,1475024
871.2,8313,2792,2599894,580708,12001519,46317568,1386080
872.2,8314,2793,2599894,580708,12001519,46317568,1237376
873.3,8325,2796,2601947,581514,12001519,46317568,1331408
874.3,8336,2801,2604251,582379,12001519,46317568,1422128
875.3,8350,2805,2606826,583360,12001519,46317568,1432608
876.3,8361,2808,2609233,584259,12001519,46317568,1430608
877.3,8370,2811,2611378,585082,12001519,46317568,1442480
878.4,8380,2815,2613662,585977,12001519,46317568,1447632
879.4,8393,2818,2616067,586867,12001519,46317568,1443088
880.4,8414,2822,2618883,587831,12001519,46317568,1452976
881.4,8431,2825,2621469,588762,12001519,46317568,1462992
882.4,8448,2829,2624063,589684,12001519,46317568,1453552
883.5,8471,2830,2626695,590630,12001519,46317568,1424384
884.5,8478,2835,2629187,591510,12001519,46317568,1433520
885.5,8489,2838,2631622,592337,12001519,46317568,1423824
886.5,8501,2842,2634083,593202,12001519,46317568,1420688
887.5,8513,2844,2636507,594040,12001519,46317568,1424192
888.5,8524,2847,2638408,594759,12001519,46317568,1398512
889.6,8539,2848,2640340,595441,12001519,46317568,1394240
890.6,8549,2854,2643752,596672,12001519,46317568,1471104
891.6,8551,2857,2644306,596876,12001519,46350336,1320944
892.6,8551,2859,2644306,596876,12001519,46350336,1267120
893.6,8565,2863,2646585,597783,12001519,46350336,1366160
894.7,8577,2865,2649157,598741,12001519,46350336,1369456
895.7,8589,2868,2651725,599725,12001519,46350336,1376080
896.7,8601,2870,2654162,600652,12001519,46350336,1412912
897.7,8613,2873,2656541,601584,12001519,46350336,1439888
898.7,8624,2874,2658905,602489,12001519,46350336,1433264
899.7,8635,2881,2661295,603417,12001519,46350336,1444896
900.8,8649,2887,2664071,604410,12001519,46350336,1460400
901.8,8672,2892,2666971,605436,12001519,46350336,1463408
902.8,8696,2896,2669662,606465,12001519,46350336,1450976
903.8,8715,2897,2672190,607366,12001519,46350336,1444592
904.8,8726,2905,2674714,608209,12001519,46350336,1443152
905.9,8741,2908,2677074,609012,12001519,46350336,1434688
906.9,8755,2911,2679412,609853,12001519,46350336,1426256
907.9,8770,2913,2681114,610440,12001519,46350336,1384944
909.0,8783,2916,2682856,611048,12001519,46350336,1366432
910.0,8791,2921,2685548,611980,12001519,46350336,1394656
911.0,8795,2927,2687978,612852,12001519,46354432,1383168
912.0,8796,2928,2687978,612852,12001519,46354432,1275168
913.0,8803,2931,2689239,613360,12001519,46354432,1322928
914.1,8817,2935,2691726,614289,12001519,46354432,1334256
915.1,8828,2937,2694094,615165,12001519,46354432,1345552
916.1,8842,2939,2696450,616068,12001519,46354432,1350880
917.1,8858,2940,2698896,616986,12001519,46354432,1382080
918.2,8872,2942,2701058,617795,12001519,46354432,1370288
919.2,8886,2945,2703389,618688,12001519,46354432,1372352
920.2,8902,2948,2705655,619514,12001519,46354432,1383728
921.2,8913,2953,2708432,620491,12001519,46354432,1377072
922.2,8930,2957,2711370,621489,12001519,46354432,1370240
923.2,8943,2961,2713935,622443,12001519,46354432,1365216
924.3,8959,2964,2716515,623353,12001519,46354432,1369184
925.3,8977,2968,2719073,624227,12001519,46354432,1363392
926.3,8996,2971,2721685,625133,12001519,46354432,1383680
927.3,9009,2974,2724021,625938,12001519,46354432,1359488
928.3,9019,2975,2725961,626671,12001519,46354432,1348528
929.3,9029,2977,2727865,627359,12001519,46354432,1334496
930.4,9036,2982,2731332,628557,12001519,46354432,1417136
